<?xml version="1.0" encoding="UTF-8"?>
<metadata xml:lang="et"><Esri><CreaDate>20181120</CreaDate><CreaTime>10263400</CreaTime><ArcGISFormat>1.0</ArcGISFormat><ArcGISstyle>ISO 19139 Metadata Implementation Specification</ArcGISstyle><SyncOnce>TRUE</SyncOnce><DataProperties><lineage><Process ToolSource="c:\program files (x86)\arcgis\desktop10.6\ArcToolbox\Toolboxes\Analysis Tools.tbx\Clip" Date="20181120" Time="102634">Clip "schools5.csv Events" maakond_20181101 C:\Users\Evelyn\geopython_course\L5\Data\schools_tartu.shp #</Process></lineage></DataProperties></Esri></metadata>
